Country,1990,1991,1992,1993,1994,1995,1996,1997,1998,1999,2000,2001,2002,2003,2004,2005,2006,2007,2008,2009,2010,2011,2012,2013,2014,2015,2016,2017
Afghanistan,15.07454639,14.17172125,12.52472036,11.98347037,12.96147624,13.88932554,13.58985661,13.41272205,13.117917,12.94812194,12.44143296,11.82709879,10.84989946,12.55735461,12.82355604,12.0986556,11.27269176,10.56132916,9.265344887,8.220240322,7.912934479,7.394094535,6.846120502,6.897821056,6.661339814,6.384963469,6.26451312,6.095489902
Albania,4.375777269,4.816950355,4.651673609,4.445670923,4.341855161,4.21550322,4.041682419,3.670633741,3.494005395,3.245028832,2.84219536,2.650714348,2.503683192,2.321657395,2.087543625,1.718330986,1.541555649,1.532322331,1.501463945,1.401067215,1.462628704,1.396701407,1.412900515,1.404149498,1.430532635,1.376821541,1.380790194,1.359957364
Algeria,3.72334789,3.558068652,3.436502731,3.338044954,3.369063616,3.275680506,3.202686258,3.224755365,3.120135578,3.008306384,2.829183805,2.655424467,2.489811899,2.25641197,2.162144577,2.060535132,1.967604329,1.881526582,1.795026992,1.709342222,1.631491845,1.575506483,1.506446668,1.488834294,1.477074327,1.432312207,1.350009204,1.258640554
"American Samoa",8.658198423,8.468541356,8.288641857,8.142822127,8.028443003,7.882339256,7.765906357,7.652726852,7.357534501,7.350486016,7.675871355,7.828295894,7.83260849,7.727406855,7.886401204,7.685550063,7.509866326,7.53233507,7.38556783,7.274790085,7.234326517,7.09408485,7.016297824,6.861428231,6.911174571,6.848659113,6.845059241,6.841468997
Andorra,0.954605995,0.935364964,0.973840463,0.889924557,0.866612536,0.842944049,0.858249006,0.790874285,0.768732849,0.748601985,0.732557108,0.715162263,0.730499631,0.685971542,0.678503685,0.665895875,0.65389304,0.645997739,0.63588977,0.627555392,0.615371943,0.598539032,0.589695746,0.578370889,0.567170402,0.552334474,0.551925714,0.550402991
Angola,26.80200767,26.78723289,26.18655727,26.21496347,26.0824634,25.36930076,24.36006082,23.74115953,23.95238765,23.18037091,22.42017473,21.88836494,21.13538379,20.17598442,20.77584742,19.57141898,18.42143343,17.23881825,15.87438245,14.22063343,13.158876,11.88952894,10.97181944,9.932924958,8.961826452,8.435276071,7.673098627,7.110394938
"Antigua and Barbuda",6.927617155,6.799112083,6.653038687,6.510252733,6.14634518,6.00600201,5.836149951,5.635366665,5.54238197,5.310835835,5.120338989,5.110527936,5.112958607,5.079447924,5.091098828,5.123679416,5.10231403,5.129278486,5.200788919,5.138175155,5.228628881,5.265670475,5.267986821,5.323938931,5.210184337,5.002208582,5.013435425,4.943890242
Argentina,3.628467004,3.550322011,3.493296825,3.328255991,3.204162,3.07175694,3.12971752,3.109595664,3.105215094,3.024151703,2.885805384,2.849138042,2.810377013,2.625413775,2.371940168,2.27681701,2.224534105,2.242877075,2.143805003,2.045885506,1.958840183,1.88542104,1.845291485,1.773971468,1.689750259,1.601896354,1.620498331,1.603569461
Armenia,7.522088145,7.775952351,8.880102938,9.893292984,10.15761101,8.882203056,7.499473763,6.588984448,5.821020446,5.019610511,4.579073691,4.142586778,3.706182267,3.268828034,2.847311391,2.522982281,2.115396692,1.995107049,1.862360591,1.853959161,1.884848523,1.816765757,1.806919009,1.703458002,1.644161716,1.637363617,1.581458714,1.584126855
Australia,1.777257124,1.650673913,1.645541527,1.545399192,1.525734204,1.475211419,1.4660284,1.449649076,1.41223552,1.394061115,1.309539785,1.247639194,1.197980231,1.13869379,1.102139468,1.075584515,1.04026115,1.029790931,1.021528191,1.009308792,0.991280997,0.927297047,0.892737457,0.892874361,0.888278993,0.902177187,0.898641995,0.899936188
Austria,1.544569941,1.569605903,1.543603816,1.520798346,1.487117734,1.399708406,1.306138474,1.235550728,1.162230903,1.135223201,1.147708341,1.115647478,1.122704433,1.123643593,1.08702781,1.083780796,1.009839776,0.98784053,0.941916226,0.962334142,0.916667859,0.880604558,0.853333634,0.830292533,0.788507908,0.787303971,0.764290177,0.751514675
Azerbaijan,7.822472065,7.789094231,7.863521555,7.63194126,7.353632138,6.959245028,6.603624046,6.246770734,5.833248515,5.28147167,4.716439511,3.934000826,3.905357118,3.758149783,3.692064166,3.740600899,3.461288817,3.259438506,3.320817839,3.282272657,3.303203376,3.304421793,3.256845165,3.238385879,3.197469707,3.095807653,3.033316985,3.007401668
Bahamas,8.747206742,8.471788431,8.402777877,8.473843328,8.15112941,8.044272099,7.724423458,7.832844488,7.775137132,7.363459567,7.239738076,7.045826723,6.88793447,6.742020076,6.659728473,6.690805495,6.714931271,6.761729546,6.702939997,6.74113789,6.660584453,6.721947125,6.888032434,7.081146527,7.026754268,6.961034214,6.929052445,6.87791191
Bahrain,1.871884022,1.8885238,1.897114309,1.911101003,1.897673484,1.975769701,1.932333782,1.940264403,1.902359652,1.811021443,1.518814364,1.325136855,1.11910334,1.030411814,0.996145503,0.927437217,0.883233779,0.793400358,0.745138287,0.711038657,0.677873251,0.66520422,0.699548971,0.715088388,0.69829988,0.68310212,0.669500531,0.656166719
Bangladesh,44.95638615,43.68079296,42.06121002,40.67882306,38.8249402,37.65395795,36.67988369,35.71663313,34.28724323,32.74213754,31.471995,30.06626933,28.66477471,27.1194679,25.8721091,24.32082536,22.3354565,21.5900855,20.19991642,18.31970361,16.44962722,15.04025941,13.51509725,12.22552558,11.17597489,10.34556893,9.598387698,8.936756298
Barbados,5.994240079,5.878620969,5.656005635,5.644806746,5.515844798,5.525666656,5.394288095,5.046994288,4.889711952,4.64159441,4.445062839,4.323440358,4.40631898,4.382183746,4.351737845,4.337450173,4.267345918,4.205391918,4.123811099,4.033268527,3.945284285,3.911927846,3.872403255,3.939915762,3.857265749,3.814293179,3.829837936,3.821571201
Belarus,12.22472767,13.08840764,13.84609782,14.99243072,16.12795193,16.83180692,16.71486732,17.08945525,18.1019403,19.03486731,16.74079555,17.30396704,16.18827022,14.48361048,13.97251427,13.89643156,12.82617893,11.56507871,11.09453631,10.82905882,11.20788652,10.4997709,8.685094043,7.907463104,7.503170773,6.914715354,6.621148279,6.638843142
Belgium,1.392638844,1.348927674,1.340628453,1.28343798,1.276254025,1.19882994,1.101635255,1.032835702,1.03546032,1.021909182,1.012335667,1.021376875,1.035827006,1.003230518,0.946095997,0.946377401,0.93028544,0.94393021,0.943640975,0.923234929,0.90994761,0.911891567,0.905907664,0.889438034,0.859184949,0.88092615,0.834825047,0.822758992
Belize,8.908154399,9.169390553,9.172969983,8.745171353,8.064464629,8.20864796,8.396939863,8.132760758,8.390164917,8.100812428,7.997835239,7.721578797,7.533716977,7.42483167,7.391939504,7.364717974,7.132760058,6.978239307,6.839253051,6.813326012,6.750208968,6.74988326,6.591067804,6.605473088,6.500617986,6.472054925,6.544745912,6.502222654
Benin,9.126423162,9.030873226,8.386494665,8.100722556,7.80916316,7.623909956,7.241719176,7.134974343,6.709773304,6.743030257,6.279713694,6.078796926,6.387133224,6.139318932,5.86137605,5.415410905,5.074094445,4.996457072,4.804268363,4.701562062,4.611565789,4.682709073,4.891182586,4.664451104,4.504186414,4.205295965,3.905231002,3.628296242
Bermuda,7.119164501,6.9242566,6.583715686,6.187303195,5.747331837,5.389231936,4.968905988,4.651625643,4.400646963,4.112789574,3.926961444,3.868746377,3.816910591,3.786868826,3.771429119,3.809471083,3.764645292,3.759601838,3.67847078,3.644835286,3.564332085,3.481715226,3.41363708,3.491369517,3.367813521,3.260123806,3.27813194,3.272544026
Bhutan,8.667767173,8.4675999,8.259028118,7.919914748,7.589943206,7.246029489,7.024910683,6.797909117,6.358348688,5.90163871,5.563688303,5.296882709,4.978390158,4.735488593,4.48156799,4.24947288,3.997628219,3.866129589,3.665462169,3.482915578,3.290722908,3.122059469,2.939276791,2.817750661,2.703965641,2.59939871,2.504947976,2.41986441
Bolivia,12.94907762,12.60150106,12.10505498,11.62025097,11.02648025,10.54019948,10.07723972,9.705205671,9.146133928,8.619810125,8.184107196,7.728388302,7.235839952,6.796919189,6.317890981,6.024353775,5.756389511,5.481984249,5.238311968,5.019106625,4.753528883,4.571707729,4.436049357,4.268998101,4.130072075,3.993941288,3.83351902,3.718690955
"Bosnia and Herzegovina",1.098233142,1.265188803,1.284074726,1.29468061,1.291899235,1.304441622,1.239235608,1.124534335,1.045837197,1.056732527,1.033411758,1.068039999,1.079338852,1.007956449,1.022515464,1.065496705,1.012312602,1.084042954,1.032307327,1.007435221,0.999236139,0.928729505,0.952531059,1.010408432,1.056239911,1.045418866,1.057088872,1.038999581
Botswana,3.800100924,3.732732814,3.679237338,3.61292816,3.545004422,3.432961274,3.291404148,3.160233881,3.185218622,3.157469572,3.137259596,3.119191544,3.101163334,3.01336884,2.875840219,2.703611245,2.578141045,2.33996129,2.277859652,2.217017477,2.173512588,2.174227288,2.129999209,2.095465704,2.078503642,2.056226788,2.01410242,1.989012404
Brazil,6.82271972,6.543045302,6.292653104,6.140591526,6.047831951,5.929609672,5.787985387,5.576424627,5.302372044,5.098671071,4.95186985,4.813150295,4.751364024,4.599355804,4.487359765,4.283312842,4.149845276,4.015899624,3.887730565,3.794902842,3.636996097,3.529233776,3.419764833,3.294991812,3.192007975,3.091248033,3.048289531,3.020960413
Brunei,7.911750698,7.691453242,7.307107307,6.859273646,6.572734705,6.279031721,6.05293171,5.847989597,5.759223457,5.588710817,5.456256957,5.241599672,5.0073977,4.876948473,4.753114641,4.679510775,4.606937527,4.564292888,4.467384825,4.428160151,4.41084175,4.431868814,4.469653761,4.466986674,4.406085286,4.353080061,4.314438009,4.346558383
Bulgaria,3.73321144,3.517969401,3.55303668,3.451671439,3.601992752,3.440046805,3.384086374,3.483154331,3.443580576,3.17918989,3.000460555,2.756032009,2.689551972,2.659761488,2.591023432,2.619502952,2.631704838,2.5722231,2.492853785,2.371820021,2.220153347,2.145494252,2.072365417,2.027563316,2.142629658,2.052900114,2.05080807,2.052959916
"Burkina Faso",7.22712772,7.029073475,6.814834264,6.620522762,6.593420652,6.270604301,6.073518629,5.946290153,5.788114818,5.742853066,5.808226877,5.822048418,5.944052591,6.058239673,5.941867161,5.877088715,6.010337261,5.889123195,5.856151269,5.870018611,5.904384862,5.821098387,5.991014226,5.946672133,6.001674638,5.956208444,6.027167555,5.728256462
"Burma (Myanmar)",18.92340655,18.53116965,17.98101683,17.35377222,16.80777442,16.18690522,15.88359175,15.39634912,14.97496504,14.43481456,13.76460913,13.17352843,12.55556104,12.09028844,11.6940247,11.07280238,10.4434706,9.69746946,9.206721864,8.596959056,7.998720086,7.503447064,7.169824861,6.913471722,6.580548647,6.378155929,6.201083044,5.940205335
Burundi,9.198676568,8.969728156,9.035085592,8.621695324,8.444922084,8.285758675,8.075729698,7.962829295,7.481324085,7.023478658,6.610965317,6.349946717,6.298877106,6.134073315,6.047098552,5.933354602,5.827094191,5.566840548,5.156737972,4.968593887,4.891959959,4.878742076,4.516169174,4.659081973,4.553398872,4.423399614,4.156260658,4.059287412
Cambodia,29.44722215,27.99111372,26.62173036,25.47152454,24.39840285,23.36232379,22.28738259,21.11079874,20.03198747,18.92475102,17.83508176,16.83798792,16.2508808,15.31170724,14.35889464,13.43313901,12.66583507,11.95068592,11.31901819,10.76827781,10.32747071,9.900962659,9.666632823,9.252374578,9.036701876,8.750966436,8.425834308,8.087273374
Cameroon,6.48231488,6.406800918,6.361303235,6.288501484,6.139876663,5.927221251,5.885995063,5.831321243,5.732883746,5.675494864,5.658397566,5.408155175,5.462574419,5.239036978,4.994104887,4.824230295,4.801803404,4.678943853,4.649765141,4.718883491,4.680235267,4.481377193,4.256397503,3.97292767,3.69427124,3.46549851,3.398258977,3.175584224
Canada,1.546105201,1.471695818,1.394082487,1.39506798,1.351977221,1.336428663,1.282636045,1.233912244,1.199520785,1.177086469,1.128679487,1.099684002,1.085873067,1.052692215,1.013739818,1.016335988,0.98595703,0.972180168,0.964094403,0.929198556,0.912490565,0.883672716,0.907633563,0.901769063,0.922939946,0.93608915,0.916618655,0.904190335
"Cape Verde",4.878532596,4.758376091,4.7979351,4.910995842,5.009293838,5.181686792,5.663067962,6.236890813,6.753439499,7.310384795,6.976610444,6.785459772,6.647084556,6.390631087,6.178714511,5.997290536,6.032834669,5.880217418,5.718200487,5.561852857,5.651779922,5.481122128,5.382853858,5.218296864,5.207910626,5.093385992,5.006480096,4.895437072
"Central African Republic",15.49381857,15.78917966,15.78558688,15.93288582,15.76018059,15.4048336,15.57936493,15.31971316,15.2797374,15.23560007,14.75913272,14.59167409,14.36950399,14.14411006,13.80866606,13.58826491,14.17671873,14.08605772,13.9084338,13.82961535,13.61406223,12.8967363,12.31158697,12.10146944,11.94412662,11.6546498,11.07479415,10.71534033
Chad,8.485220942,8.331962517,8.185893276,8.131557076,8.169271427,8.066498149,8.180902776,8.254987334,8.307529024,8.411628982,8.513624371,8.591295862,8.511470421,8.470776627,8.201951317,7.922951963,8.081050488,8.282084999,7.956529034,7.72182785,7.801722905,7.429797692,7.313190725,7.18280327,6.922186728,6.907496989,6.701898806,6.436289583
Chile,3.79838664,3.553614432,3.507431509,3.729064905,3.882466143,4.100267186,4.157912557,4.132356836,4.050001967,4.000678277,3.931340927,4.050098559,3.852535598,3.764492667,3.591185124,3.353926246,3.151044355,2.992459508,2.911538776,2.91536048,2.691500541,2.520543336,2.378058006,2.312423598,2.276273218,2.245901097,2.241489228,2.242896671
China,14.43991773,14.22944174,14.21471993,14.16222516,13.71953064,13.40088649,12.86965998,12.09789567,11.21709863,10.3284945,9.717167349,8.753683152,7.734386537,6.710729986,6.403861082,6.091241636,5.504240482,5.201767632,5.104033547,5.119854254,5.010125204,4.793471344,4.773960794,4.747021646,4.805201275,4.844551669,4.779140283,4.515507602
Colombia,6.21649698,6.193403834,5.923182019,5.547032729,5.368321138,5.123658748,4.840321404,4.323383289,4.00131288,3.796586966,3.606065505,3.474876688,3.684264498,3.445411743,3.427133582,3.252890418,3.287124117,3.132946054,3.096382016,3.109367033,2.976507385,2.713829542,2.568141494,2.426089917,2.393036411,2.332837891,2.318503888,2.276565795
Comoros,6.824767809,6.504885435,6.209369232,5.919820656,5.766817734,5.509467105,5.388553947,5.056925651,4.836489833,4.666383897,4.401925242,4.157917705,4.060225496,3.710361977,3.726812342,3.589834524,3.686430564,3.54873213,3.618063569,3.481641719,3.403664223,3.331429103,3.152797906,2.825594278,2.783666887,2.737038472,2.607481748,2.56341379
"Congo (Brazzaville)",13.78498798,13.25934746,13.08095639,12.952711,13.51533515,13.54665016,13.60229757,13.71466752,13.15288901,13.07363248,12.42346711,11.25808721,10.56790903,10.25242657,9.763063318,9.768433255,9.343162415,8.893104608,8.512831095,8.008495047,7.363860539,6.745059829,6.517493088,6.109680467,5.84541214,5.530452473,5.203750318,5.028954985
"Congo (Kinshasa)",14.07912081,13.98779419,13.77375975,13.53871107,13.20106531,12.962532,12.49437368,12.2139582,11.92213996,11.65185784,11.61304864,11.33380509,11.01587421,10.73464992,10.28703417,10.06939101,10.06582122,9.902973217,9.822486386,9.971837084,9.823013167,9.710760311,9.466738412,9.063233629,8.667314536,8.314586753,7.741965408,7.266667329
"Costa Rica",5.908819046,5.632067338,5.838626895,5.544785897,5.499223134,5.680805983,5.290555731,4.946582587,4.787555533,4.632679381,4.068757437,4.046256795,3.997549122,3.866703366,3.716509668,3.452996412,3.521685663,3.195205372,3.18300865,2.99150396,3.300033675,3.153287491,3.009384309,2.962471063,2.986275428,3.144803414,3.285794499,3.270748023
Croatia,3.043346402,2.964840486,3.097831849,3.029325957,3.037862164,3.087549431,3.089534656,3.111455918,2.947283304,2.78560058,2.587677253,2.49379578,2.37391014,2.316333205,2.157447073,2.211395754,2.18102174,2.311411779,2.354990171,2.270062478,2.235542159,2.177414329,2.172300192,2.069654709,2.047538304,2.116908237,2.010667539,1.940093721
Cuba,4.885836926,4.88131808,4.768510062,4.694367329,4.60901402,4.358282095,3.889168185,3.626414869,3.516621235,3.290685163,3.119176069,3.043731568,2.920471074,2.83887623,2.817205098,2.88764396,2.705068154,2.715429736,2.683503076,2.729055371,2.728825307,2.611991327,2.702357936,2.714040152,2.697860512,2.731315706,2.737265626,2.718322741
Cyprus,3.492950502,3.451760049,3.361300934,3.329114549,3.317360809,3.280928246,3.313573449,3.369398735,3.379091401,3.340402759,3.363215835,3.277111368,3.198574244,3.117954904,3.056042289,2.899610302,2.878387666,2.891148337,2.743428287,2.566448342,2.37309617,2.114014654,1.997937746,2.006625728,2.037081059,1.985119327,1.979085709,1.993516566
"Czech Republic",3.178400944,3.095595171,3.152665687,3.080087128,3.174769257,3.140376593,2.973330869,2.989507109,2.782618838,2.725952633,2.68867193,2.620025849,2.606125429,2.579839025,2.439724055,2.420268747,2.325857577,2.298296833,2.263124058,2.201416285,2.178053293,2.1164247,2.039927494,1.996989882,1.898917745,1.9032527,1.86048084,1.826035388
Denmark,0.911225064,0.922869085,0.900876136,0.929566557,0.995664343,0.968702325,0.973747687,0.972051078,0.945169069,1.031378116,0.984069257,0.994783085,0.997487324,0.996109595,0.963195044,0.909816915,0.9165362,0.913332001,0.819974339,0.756249496,0.713796039,0.668710437,0.646007967,0.618278888,0.602368396,0.571952912,0.588745721,0.598061512
Djibouti,6.562400221,6.871975021,7.302647544,7.399678217,7.393476453,7.532194626,7.473394435,7.349000017,7.066010203,6.765003988,6.486871611,6.081932374,5.665083067,5.382061634,5.117485735,4.79595513,4.597604997,4.359075365,4.074945483,3.837472022,3.60879582,3.399169243,3.232159618,3.070165899,2.882363424,2.720569177,2.65764138,2.545912669
Dominica,6.655083421,6.725806653,6.677071672,6.562066162,6.311535695,6.136024065,5.977308229,5.807194517,5.754860104,5.594956769,5.460619334,5.366225829,5.353604186,5.329014442,5.371879,5.532761278,5.577358307,5.588032173,5.515716221,5.625342725,5.754584516,5.913960552,6.040517991,6.310546056,6.310955963,6.251727197,6.24977419,6.217703833
"Dominican Republic",4.623993117,4.197475441,3.859757434,3.666621275,3.442894657,3.346384431,3.237072893,3.171588858,3.077816126,2.909179863,2.844400964,2.723265568,2.625103589,2.64622305,2.669523253,2.579183724,2.55159072,2.466723274,2.364447846,2.344521836,2.360830273,2.34531363,2.521658815,2.770857521,2.788569088,2.833023009,2.841488245,2.800558589
Ecuador,7.04059058,7.232570226,7.153684283,6.827557158,6.49601292,6.399849353,6.376583952,6.071927357,6.072357199,5.723577231,5.465020789,5.331978583,5.539362391,5.641785866,5.578195676,5.5029013,5.546163321,5.490787449,5.552145448,5.378850095,5.297457334,4.935065924,4.733616071,4.330928595,4.035810359,3.994436367,3.917738005,3.867029778
Egypt,3.369132973,3.08126623,2.881517878,2.8797341,2.812490492,2.685449166,2.563441614,2.467030892,2.32676703,2.28617185,2.182294179,2.231528829,2.236276468,2.239890726,2.200204041,2.132993412,2.085820403,2.005910068,1.962243931,1.961964888,1.928521931,1.915433793,1.880771661,1.815161275,1.735518742,1.760042502,1.677070074,1.627558163
"El Salvador",4.785622325,4.990225283,4.579918471,4.618317469,5.310219015,5.822845928,6.003404427,6.141078084,6.353116311,5.924486887,5.649636727,5.327597065,5.060973224,5.05190426,5.14205005,5.135323035,4.808299332,4.881352481,4.608037458,4.543948412,4.3465109,4.288407559,3.914758435,4.032944063,4.411085885,4.492815687,4.345747813,4.251587323
"Equatorial Guinea",20.2625886,20.42107559,19.97694174,19.68196673,19.28988387,18.82417091,17.82941706,15.59490297,14.11944895,12.95121806,11.56480554,10.17731712,9.097194144,8.336697198,7.305164201,7.178460369,7.481774225,6.993692179,6.374958655,6.153407244,5.629705722,4.90459754,4.537047972,4.155711166,4.182989778,3.889824204,3.787520027,3.703601181
Eritrea,9.286207075,10.85138231,10.5243011,9.806108531,9.51993705,9.260671032,8.927567207,8.656869665,8.33363643,7.926464283,7.778070173,7.681485578,7.238692194,6.937038495,6.861271769,6.66720346,6.462898997,6.274913671,6.063766388,5.752551856,5.603018585,5.377987915,5.207214605,5.01098726,4.796769242,4.58921204,4.363343546,4.121504772
Estonia,13.69606824,14.33620974,14.31376008,15.10989127,15.98360702,14.24400001,10.83623728,10.55899675,9.915698851,9.568786871,8.491571884,9.106401732,8.261189795,7.608984419,7.061217834,6.453881911,6.405291428,6.545548318,5.875468204,5.299388705,4.916272887,4.705021253,4.450597296,3.992377249,4.095537979,3.708983232,3.670176936,3.636052075
Ethiopia,10.74188402,10.6305331,10.75620644,10.67825761,10.2159464,9.836928838,9.379668718,8.80482703,8.257866296,7.518956266,7.251248376,7.152820713,6.705431844,6.561779391,6.341837602,6.100267478,5.755427198,5.533390736,5.200120581,4.950380788,4.576647578,4.270501269,3.953930906,3.622101858,3.436191134,3.15796588,2.946466889,2.907422805
Fiji,7.453037823,7.490295854,7.356755759,7.498901493,7.523590752,7.544900905,7.677007663,7.950687476,8.007915859,8.264971741,8.388558717,8.313047075,8.115957428,7.932161273,8.239554414,8.306981143,8.274383679,8.294148704,8.042918846,7.653059279,7.636676265,7.56742667,7.605845199,7.507412952,7.414880897,7.309442954,7.207437133,7.10967148
Finland,3.451345218,3.468561027,3.365842287,3.148036683,3.054579206,2.998395199,2.996824562,3.173690237,3.048040709,3.20441261,3.097715271,2.980920633,2.933677528,2.910243438,2.950071589,2.895837252,2.770211714,2.764646975,2.65922651,2.58825287,2.549718779,2.408631562,2.252949639,2.252939546,2.167188666,2.063630046,2.083181522,2.109260284
France,1.966733863,1.90721507,1.84298258,1.791985565,1.743522551,1.69597178,1.671185874,1.665793988,1.718588687,1.794619499,1.955085013,2.058470625,2.071654217,2.094979774,1.97488125,1.967588301,1.955115757,1.929318672,1.938633867,1.945244924,1.930303294,1.873333613,1.827441551,1.77966444,1.689702876,1.667554641,1.611985576,1.585719625
Gabon,9.698243761,9.158775888,8.698217865,8.093366676,7.764265954,7.670408474,7.255151112,6.905034865,6.535010194,6.104325602,6.042208478,5.972094261,5.875602888,5.927730191,6.004186075,6.411278046,6.440677185,6.513600514,6.384624753,6.13584779,5.705182589,5.416221694,5.096848135,4.80114111,4.693106106,4.584475839,4.362707361,4.164066629
Gambia,7.168868524,6.904275197,6.603124979,6.315468635,6.138780667,5.771038173,5.584237644,5.381975322,5.171512616,5.301049636,4.855643895,4.834563611,4.767071811,4.702241605,4.730573361,4.887763466,4.535804442,4.309323471,4.332767386,4.093287863,4.024316241,3.689710064,3.877287099,3.69464192,3.45693512,3.461292626,3.25759915,3.191134237
Georgia,7.890707021,7.957774269,8.660089972,8.311757385,8.005406553,6.794488644,5.58409951,4.389867104,3.402495501,2.803978431,2.500834054,2.444647317,2.648217659,2.538935396,2.610641777,2.69454769,2.824111697,3.005983712,3.329514383,3.631054552,3.716320638,3.748400296,4.026697264,3.720947052,3.476885426,3.579541537,3.682491268,3.674859129
Germany,1.300367019,1.263905812,1.195309749,1.142412565,1.105910669,1.03713965,0.964085217,0.935037777,0.878643935,0.878434638,0.847978114,0.808247308,0.795161506,0.7872939,0.734505537,0.710149965,0.691529065,0.678728,0.679803576,0.681839172,0.679972367,0.672063367,0.664147457,0.673941367,0.646475808,0.668916268,0.66870817,0.66352364
Ghana,3.795205986,3.717230747,3.481476411,3.467402704,3.446309762,3.435813198,3.372017652,3.36593863,3.148201598,3.230758369,3.07939447,3.166631555,3.298133076,3.432612575,3.38404134,3.375981695,3.206109174,3.089301261,2.936812516,2.839132153,2.769237952,2.741343627,2.709494724,2.647803901,2.709915074,2.690933624,2.770763122,2.616776899
Greece,2.713140429,2.776972509,2.783985228,2.806313947,2.888361074,3.008749977,3.099732095,3.041889312,3.117583477,3.184448602,3.151513497,3.131486874,3.150400449,3.298282895,3.366319378,3.307525861,3.217749372,3.504285548,3.492002256,3.569903725,3.56624601,3.623901392,3.701908403,3.554249188,3.478184001,3.51291028,3.487421716,3.450794064
Greenland,15.10847075,14.35036707,13.66256384,13.15254331,12.61541571,12.25729871,11.59656938,10.84751564,10.29885397,10.32797888,10.08291061,10.02848932,9.668026671,9.537852891,9.303576119,9.105522467,8.562745758,8.528416064,8.256859872,8.060025273,7.910446841,7.505130954,7.420017429,7.287728681,7.244357027,6.720304111,6.600422788,6.531728692
Grenada,9.82064461,9.311559138,8.863543297,8.420870096,7.995895067,7.770575853,7.493952097,7.367346065,7.13649836,6.880569455,6.645851315,6.526691339,6.533929108,6.432999362,6.451182664,6.427043502,6.518394612,6.586088079,6.595803807,6.702181103,6.752024663,6.853312632,6.458189414,6.650000783,6.636653533,6.552563808,6.592985275,6.550462311
Guam,5.447475557,5.528352759,5.593183202,5.596394185,5.684232231,5.380948852,5.033655329,4.627055808,4.365686518,4.103556347,4.251088365,4.324728767,4.336112303,4.351910972,4.575011227,4.631953611,4.683197224,4.767228254,4.764788105,4.780439911,4.785996684,4.749859868,4.766165163,4.661091821,4.753446993,4.762919384,4.793080817,4.799701343
Guatemala,6.261257445,6.620172581,6.672284325,6.571787511,6.620251896,5.849439214,5.333538477,5.60912358,5.629348718,5.305966013,5.518395969,5.401928616,5.048137412,5.109691137,5.012604194,5.071219341,5.057077392,4.690976132,4.757446823,4.919403912,4.751483849,4.663768833,4.533853861,4.439587575,4.365277945,4.334820107,4.52924546,4.575495125
Guinea,13.09642733,12.58975463,12.24078546,11.84161953,11.35418937,10.81449132,10.44978474,9.927373396,9.439677296,9.181969895,8.770985632,8.387638901,7.923248077,7.743580778,7.846307519,7.493956184,7.389376879,7.17619775,6.910192948,6.51341969,6.443361571,6.21077266,5.878727008,5.836944609,5.659588146,5.483082497,5.284987943,5.055912356
"Guinea Bissau",12.93470082,12.5310714,12.12472852,11.74259893,11.39570906,11.027375,10.70470261,10.32526388,9.851749493,9.545064024,10.12118912,10.09141431,9.677016591,9.343504114,8.782553959,7.862660617,7.481057936,8.434181414,8.0942512,7.601078841,7.215309403,6.697081243,5.970745998,5.979306581,5.737544463,5.386970932,5.21949642,4.904326946
Guyana,7.963763379,7.740359951,7.182812728,6.838643347,6.619250561,7.053185497,7.123876979,7.302890382,7.205265404,6.71360293,6.532336749,6.529106597,6.87083403,7.066918621,7.250427672,7.791000903,7.864382193,7.85573824,7.703934948,7.764586981,8.329514753,8.711985198,8.914425639,8.78433694,8.247911596,7.92185646,7.627848457,7.366804395
Haiti,21.67379094,20.11713737,19.73836722,19.25878173,18.07361096,17.46546636,16.48836814,15.58080598,14.84300526,13.46176764,13.20264491,12.60989885,12.03025631,11.6768298,11.17269862,11.00107224,10.67657196,10.44406936,10.11079369,9.840025907,9.700209378,9.358607936,9.144526364,8.482156775,8.602361218,8.159222328,7.932274772,7.682152776
Honduras,8.060287871,7.81506477,7.33360034,6.96541853,6.618994849,6.307675581,6.065575889,5.875191807,5.682874472,5.508789995,5.247141395,5.047879675,4.840377844,4.701836312,4.566901595,4.419189925,4.249934859,4.090553554,3.873293892,3.712077221,3.583245044,3.492512705,3.294916217,3.300122696,3.358944815,3.32735689,3.283682523,3.224082678
Hungary,3.272094936,3.235827726,3.352761581,3.203084386,3.084142779,2.858672141,2.591141853,2.472797207,2.626640126,2.544500014,2.314628115,2.123234477,2.128319255,2.090741725,2.009175555,2.047077601,2.012986067,1.97664258,1.855602443,1.824176919,1.741368234,1.623280677,1.542604308,1.446197392,1.417459949,1.489954721,1.375645779,1.33306892
Iceland,1.607982547,1.54283608,1.454883476,1.36790004,1.331972278,1.286401751,1.238277743,1.215088808,1.182779229,1.177318525,1.179644515,1.155223845,1.12514173,1.104266438,1.092361163,1.065420757,1.05467465,1.048401422,1.041347852,1.05859158,1.052555444,1.038287675,1.050403492,1.071227612,1.058716143,1.05425744,1.055997237,1.055567378
India,10.16996437,10.04067989,9.751062622,9.430946838,9.139266212,8.735059623,8.259083135,8.26194773,8.156043433,7.863180499,7.607625796,7.394814165,6.868408814,6.487268379,6.404803824,6.319596372,6.142079109,5.974066743,5.901817194,5.808612598,5.84580108,5.912433764,5.749263564,5.460747201,4.988844373,4.671723564,4.521732989,4.360449348
Indonesia,9.358730861,8.729796584,8.137720489,7.558158019,6.957012013,6.431660847,6.048050608,5.816231852,5.73950594,5.429813337,5.011500691,4.780824349,4.585327863,4.429195835,4.332124203,4.143713456,3.980290683,3.837945503,3.696301604,3.51474533,3.305647654,3.122850494,2.927708213,2.736559224,2.53985824,2.383993781,2.303845951,2.218521899
Iran,5.277283653,5.073892337,4.945890798,4.805932401,4.654180034,4.530022873,4.421804436,4.317206302,4.207664673,4.016691879,3.785305358,3.590010666,3.437027725,3.294656178,3.117812263,2.913019424,2.738959141,2.599766696,2.461361514,2.335881592,2.206551349,2.078574335,1.961832189,1.830505505,1.630199672,1.463874693,1.340239076,1.270110635
Iraq,3.978308982,3.961772769,3.834667461,3.793672396,3.829402021,3.843675577,3.949101446,3.974940032,3.750527854,3.623321611,3.569062461,3.299417547,3.283415524,3.183246061,3.034789534,2.922516664,2.815781029,2.647564088,2.474328296,2.310081221,2.166266512,1.995077261,1.84428966,1.712813666,1.612062925,1.451633103,1.376143423,1.327917328
Ireland,2.071033761,2.041638319,1.946119921,1.936189988,1.889809879,1.892249506,1.802566546,1.662675047,1.694657923,1.669589774,1.68138958,1.611852418,1.580312792,1.38154742,1.37684863,1.343857754,1.318626233,1.289837178,1.282804484,1.278894704,1.096756847,1.120234802,1.115788664,1.063772282,1.034128326,0.959405708,0.915011284,0.919654867
Israel,1.452648826,1.450425476,1.439057605,1.282928707,1.211289607,1.114176469,0.975297483,0.90970475,0.833737618,0.869275331,0.887733893,0.920884144,0.896940732,0.828755507,0.801708911,0.787153782,0.773449485,0.762315502,0.745610913,0.690254527,0.684852036,0.664370908,0.63952725,0.638771328,0.626315609,0.611389505,0.60441539,0.592264698
Italy,1.203293517,1.212789109,1.175913013,1.106795601,1.073625745,1.030506351,0.99302153,0.971608013,0.941283636,0.91604166,0.919189482,0.908102859,0.908046514,0.901382989,0.862794668,0.858947536,0.857464026,0.862882908,0.870995288,0.860593285,0.835618862,0.840359406,0.834649623,0.844630745,0.783075669,0.779523347,0.735876631,0.720623406
"Ivory Coast",7.151348444,6.977063876,6.778222885,6.728174109,6.665837466,6.579691122,6.467212923,6.276209605,6.106997312,5.97692461,5.746413199,5.384762966,5.14412285,4.97788109,4.945586314,4.971421104,5.142942456,4.995692322,4.707119392,4.526473067,4.406187303,4.311422282,4.653554591,4.657960548,4.798736564,4.667734385,4.462094405,4.175674468
Jamaica,1.221591884,1.248114751,1.240695591,1.255167406,1.278329391,1.305821515,1.332177301,1.355685351,1.349272551,1.354325542,1.311842908,1.158003673,1.03210785,0.870125556,0.747007147,0.814071231,0.899620938,0.949820163,1.023597911,1.00740392,0.853136943,0.93897965,1.082554632,1.102014056,1.143137302,1.1885085,1.15653042,1.1504644
Japan,2.841825983,2.961678074,3.121211418,3.321226333,3.496542549,3.909702656,4.043453795,4.207283193,4.476706816,4.651498354,4.62678398,4.626406721,4.622301704,4.719661384,4.769699212,4.96368611,4.979209021,5.072399905,5.214271254,5.305317532,5.514026107,5.745261711,5.806120584,5.798291989,5.709479048,5.599215205,5.660539724,5.742681411
Jordan,3.357226639,3.235411745,3.139731053,3.069038816,2.996046414,2.950900037,2.923265163,2.832696778,2.77368807,2.641932281,2.540807959,2.409351376,2.279719728,2.147953412,2.021082696,1.900980316,1.81087568,1.722660681,1.616002265,1.46921187,1.326828835,1.246808726,1.174442208,1.106401479,1.097154019,1.070764391,1.040027445,1.013280644
Kazakhstan,12.2993958,11.91384596,11.65314511,11.4243396,11.08578682,11.36622598,11.25379107,10.70603726,10.30150909,9.723096835,10.46152422,10.69317945,10.75321826,10.68057987,10.54718276,10.49264223,9.985102783,9.334007971,8.208546081,7.28358239,7.100948603,6.611199775,6.316153409,5.880182103,5.527242544,5.300224179,5.246169709,5.157919544
Kenya,4.132179228,4.005161288,3.946423271,3.847813053,3.817697204,3.753981182,3.649798958,3.61567779,3.514454859,3.364806751,3.368839548,3.274955238,3.254133547,3.231132898,3.128608798,3.09753485,3.181527426,3.064865141,2.956063566,2.897663571,2.904396258,2.855825426,2.725513737,2.594132704,2.43576706,2.355286457,2.285660227,2.289045273
Kiribati,7.496995071,7.344850315,7.219385951,7.179146247,6.508400868,5.793606607,5.666116145,5.796229187,5.548349822,5.794211413,5.753906345,5.94127793,5.905292038,5.838844637,5.750348106,5.749646067,5.764412413,6.005883312,6.02507603,6.020497651,5.99386788,5.923801364,5.762968922,5.660288245,5.557871296,5.414856231,5.297292572,5.182267542
Kuwait,1.842414184,1.521068306,1.515046478,1.44740153,1.473369324,1.499612769,1.385555838,1.38722159,1.241508618,1.24908208,1.16869979,1.061715399,1.023177898,0.978960861,0.997976102,0.962661669,0.909554562,0.880695769,0.867094446,0.835119048,0.766955808,0.683276803,0.676624444,0.654308469,0.597739871,0.587602209,0.575188322,0.565330734
Kyrgyzstan,14.46895179,14.77360869,14.3395735,14.20419272,14.20441907,13.81787471,13.35054124,12.77180093,12.0022927,10.93009979,9.540180259,8.824895976,8.546646098,8.170077106,7.941998716,7.723599351,7.499555097,7.061931524,6.526302025,6.061393172,5.967644634,5.717014228,5.512818682,5.242472069,5.035261807,4.848054915,4.549450569,4.474556883
Laos,21.07965111,20.51590094,19.8075964,19.15359791,18.57933492,18.03289498,17.62411649,17.26576725,16.88798641,16.43043496,15.90807659,15.48876317,15.15573523,14.5434104,13.83228224,13.12521257,12.36499671,11.44219991,11.39000017,10.72519856,10.02776202,9.391076402,8.968110615,8.478935821,8.054221877,7.673394227,7.29036497,6.898653839
Latvia,16.18340784,17.04887541,18.10450611,20.72059254,22.96303411,20.14424481,14.8468858,13.8171701,14.11005771,13.44012511,12.50848899,13.20843302,12.57245907,11.56106682,11.0906233,11.81805091,12.22692891,11.57266608,10.01798621,9.032113722,8.896194529,8.042793833,7.744388611,7.754284051,7.903768118,7.389610908,7.319719911,7.291455843
Lebanon,2.487881672,2.445434183,2.410644679,2.37389823,2.329525107,2.332443368,2.242572635,2.148668777,2.042663272,1.906581507,1.753628158,1.640964898,1.527972878,1.43071413,1.348143143,1.282103013,1.21960185,1.199942943,1.189429284,1.187610041,1.163386793,1.15603481,1.13742301,1.126769889,1.108933641,1.086746343,1.060980743,1.036131322
Lesotho,4.803191228,4.643511538,4.55244187,4.482467374,4.477094132,4.470724946,4.512987271,4.646065998,4.833415789,5.06310475,5.442815182,5.759769319,6.024631453,6.240045621,6.459766485,6.580014553,6.692886393,6.715774184,6.803003021,6.6345365,6.529718664,6.5324434,6.470642698,6.398800047,6.340413632,6.246743042,5.972211319,5.744374971
Liberia,11.35977155,9.980551311,8.464849351,8.468913119,8.471306099,7.648126043,7.32628612,6.825834328,6.577711935,6.154499872,5.645788608,5.280073802,4.910933785,4.61054549,4.305810895,4.207071699,3.897139012,3.627244268,3.516337024,3.575620776,3.49803592,3.499998986,3.746090352,3.678180044,3.356120093,3.160831738,3.021785027,2.796996888
Libya,3.314813387,3.215795437,3.112716674,3.049189405,2.987122446,2.94210285,2.800884052,2.80922742,2.759120405,2.688187274,2.60283399,2.527438937,2.393134716,2.289278249,2.226053199,2.09552726,2.004167755,1.971674237,2.067377918,2.147047348,2.211864163,2.316012059,2.272892055,2.097347389,2.034102815,2.014380329,1.84712486,1.802840353
Lithuania,14.66978944,16.00630645,16.06570171,16.92036998,17.90783491,16.3843036,13.97027091,12.91636197,12.34712551,12.23897941,11.5770316,12.12220643,11.56750055,11.08929673,10.93382042,11.74452712,12.00553286,12.59573062,11.44332269,9.883659286,9.559071296,8.942861763,8.579900557,8.430801965,8.04377842,7.578133106,7.522322215,7.522675594
Luxembourg,1.132794859,1.103942091,1.08850867,1.072317286,1.050269116,0.987403807,0.929281672,0.885908517,0.843987475,0.819638827,0.8205178,0.812381008,0.810536384,0.798619011,0.77174774,0.734924909,0.720154824,0.705471101,0.676558699,0.661344393,0.650368577,0.635633676,0.612792146,0.602970584,0.589550598,0.582209474,0.571924322,0.566366563
"Macedonia (F.Y.R.O.M.)",1.470947858,1.441558491,1.407458533,1.340903017,1.323414099,1.278235117,1.244963571,1.246353752,1.250361902,1.203595526,1.2610696,1.353105009,1.430005978,1.397074365,1.302735064,1.28675102,1.321245094,1.314460759,1.273313089,1.304669553,1.252769481,1.175726653,1.192679741,1.153979079,1.159324498,1.191452822,1.241870778,1.198052399
Madagascar,8.429543973,8.259489794,8.011586452,7.94285734,7.591795221,7.312076611,7.035193468,6.694621807,6.366950263,5.846471954,5.596786169,5.29808295,4.533392027,4.32931547,4.104895802,4.115504991,4.018878637,3.936667206,3.981203498,4.011006219,3.835884596,3.883962139,3.785782087,3.633593029,3.576194242,3.494794356,3.2662278,3.191940744
Malawi,9.534154164,9.647281205,9.417448819,9.682304527,9.818581915,9.722457278,8.956758632,8.413159732,7.580178787,7.697592566,7.430555736,6.917056523,6.114441614,5.862662421,5.56675431,5.195609553,5.097451121,4.958432095,4.621500137,4.697971119,4.580226551,4.685534593,4.458070579,4.186710733,3.884938747,3.762816627,3.562649745,3.351597601
Malaysia,4.171373462,4.016725769,3.87992925,3.764319085,3.72340998,3.789572035,3.66839528,3.656408202,3.475349504,3.481690154,3.285725717,3.090610417,3.01531065,3.117591292,3.054693514,2.958154148,2.853735681,2.86812739,2.99296909,3.121634267,2.928473935,2.756142948,2.74185582,2.644947416,2.81972654,2.904711287,2.849803381,2.856710139
Maldives,16.83914795,15.46207699,13.98345123,12.60652886,11.59233567,10.49311819,10.00261956,9.919735552,9.43754416,8.641010705,8.048530378,7.406729167,6.842641129,6.554820198,6.217103706,5.896090984,5.68873776,5.290222491,4.90984505,4.452577704,4.110509747,3.798405339,3.588523184,3.422363039,3.304237932,3.210528424,3.142463057,3.089071796
Mali,13.56083707,13.27288742,13.00457762,12.62932192,12.32039819,11.67111325,11.23105334,10.76024095,10.32369164,10.28539689,9.942764257,9.618339628,10.01769059,9.775040467,9.153505068,8.819427441,8.74405597,8.45289488,8.635738503,8.429261964,8.151488999,7.594678572,7.649641146,7.210596623,7.081932819,7.164874156,7.922251077,7.518430599
Malta,1.260683375,1.263133921,1.258614525,1.22311243,1.213076724,1.178418637,1.141370531,1.123365433,1.0942094,1.104009268,1.121981127,1.124058081,1.130596007,1.143630119,1.142097725,1.130116772,1.154670578,1.16791884,1.155229538,1.129188502,1.115710181,1.055703805,1.051448797,1.049730805,1.031790277,1.036895754,1.077119045,1.087806039
"Marshall Islands",10.43867422,10.60461447,10.36674873,10.23052508,10.19491928,10.36520934,10.40608474,10.49562514,10.58843973,11.04850733,11.40176389,11.58396682,12.00218503,12.21636193,12.32302898,12.36557059,12.35264548,12.31972237,12.14801584,11.97649544,11.90840188,11.7450421,11.44610902,11.23203203,11.17745523,11.02303052,10.76087557,10.63765338
Mauritania,4.752031991,4.659525314,4.56803771,4.491861192,4.411699588,4.27704898,4.342914458,4.239573222,4.172376906,4.080715928,3.994691478,3.923682421,3.804373237,3.636834126,3.45187637,3.482261278,3.385462243,3.262278414,3.113411935,3.036480556,2.874623937,2.777894069,2.711613857,2.610340093,2.498288145,2.418586056,2.327631263,2.231674135
Mauritius,4.622581107,4.433310854,4.377165049,4.513460928,4.725640041,4.869978627,4.996572793,4.871425068,4.398410498,4.054625649,3.845253941,4.013484005,4.109423362,3.961175338,3.86266101,3.933871221,3.924783458,4.021872415,4.208575289,4.312826233,4.123814478,3.975564416,3.829303335,3.575690551,3.683196413,3.691160071,3.622997013,3.624151433
Mexico,6.474355978,6.204911582,5.95253174,5.603404514,5.229866467,4.922840062,4.613544188,4.506072132,4.44967862,4.208611325,3.942165792,3.739749423,3.644364293,3.543135373,3.339421598,3.278877828,3.191574677,3.150703198,3.236556451,3.237725532,3.160385445,3.005924187,2.84876307,2.646167606,2.578761053,2.548139251,2.559631744,2.609501271
Micronesia,9.78327473,9.652098037,9.530814842,9.397980912,9.321037032,9.196052788,9.107521624,9.011152804,8.936380133,8.930214066,8.94197861,8.925870157,8.887899314,8.794194513,8.774005501,8.786070471,8.730343018,8.681932131,8.625448168,8.554983138,8.451533723,8.419131283,8.386085667,8.326669563,8.293907009,8.313407497,8.250264607,8.236007553
Moldova,11.88461029,11.60665065,10.6032579,10.13992594,10.99615409,10.69349386,9.634579697,8.319646509,8.116950836,8.187583093,8.049864426,8.080036693,7.959421678,7.935514637,8.260868887,8.961995086,8.667777824,8.342238783,8.075788355,7.978021455,7.849792991,6.76655961,6.395916547,5.970178732,6.035351088,6.036063264,5.820299056,5.594552085
Mongolia,6.950048526,6.818760439,7.355743798,7.590115671,7.567377912,7.660201247,7.413316796,7.050326233,6.503558849,6.133681184,6.116274795,6.022132577,5.999251822,6.0029521,6.084146398,6.129094298,6.010981718,5.809390226,5.394595697,5.211747268,5.193285458,5.061350376,5.002916805,4.875441167,4.74249587,4.564251343,4.416562532,4.388835984
Montenegro,1.470254883,1.497653404,1.458160356,1.443100031,1.441020857,1.456478999,1.464271062,1.452801568,1.500008881,1.510120254,1.404095949,1.394611575,1.350590687,1.28643762,1.28766785,1.255710168,1.192077786,1.141726897,1.091477475,1.054582459,1.019991932,0.935038205,0.953265701,0.966589527,0.965748758,0.921451211,0.953238259,0.950294234
Morocco,5.00796233,4.760542768,4.531280382,4.378852695,4.206829172,4.118044503,4.006337654,3.841305322,3.672570273,3.499991912,3.296829941,3.126481101,2.972936325,2.826794954,2.665711918,2.522724317,2.36808686,2.258291376,2.198370515,2.21309495,2.168700704,2.121546928,2.053534998,1.96689442,1.960633148,1.893121028,1.832878479,1.764533035
Mozambique,10.38464049,10.21511015,9.646314429,9.518375116,8.919527396,8.538866431,8.230984127,7.973329636,7.424833898,7.336334353,7.01346631,6.564185205,6.138227802,5.911326142,5.770966141,5.435283899,5.709454044,5.70476224,5.690006547,5.43046087,5.123647088,4.921078937,4.73281639,4.534663226,4.460742386,4.33494078,4.096324285,3.888890855
Namibia,4.907150646,4.761191313,4.658951492,4.534657064,4.476365952,4.45060303,4.478688921,4.502536568,4.792347205,4.870630194,4.930540375,4.870230368,4.889864664,4.761139867,4.639882524,4.464694393,4.209333191,4.031364928,3.834821094,3.640078983,3.52235601,3.352745678,3.205104066,3.173990251,3.072676388,2.986761204,2.918990678,2.902450906
Nepal,14.18575244,12.9862521,11.83942212,10.97121725,10.05469406,9.22933638,8.433682404,7.810475522,7.154872122,6.530868088,5.968882725,5.457644951,5.036165941,4.71830485,4.402495675,4.496626131,4.439855079,4.271577514,4.085377336,3.917728117,3.700835164,3.587817871,3.468498436,3.490238958,3.243171687,3.346988054,3.246776002,3.148315987
Netherlands,0.899544285,0.832268046,0.803125928,0.809901487,0.768644314,0.747314803,0.736170231,0.729609512,0.729529349,0.748625133,0.765398651,0.757819809,0.765003583,0.748226177,0.723502388,0.706373108,0.682509691,0.655421501,0.657457563,0.648708169,0.641271029,0.636291515,0.644262165,0.637079859,0.622565229,0.629509364,0.643543486,0.633584038
"New Zealand",2.127677217,2.010892512,1.976814024,1.909585868,1.84533325,1.894160078,1.875257947,1.889312349,1.822984611,1.787633549,1.653561075,1.571713179,1.601373542,1.508090824,1.449522307,1.409640734,1.366062829,1.406104039,1.402547869,1.363170944,1.328102139,1.31846281,1.246237445,1.226642383,1.21405108,1.192676135,1.185180912,1.204753975
Nicaragua,6.301328392,6.35218427,6.056306321,5.884766566,5.738676983,5.536250915,5.321083365,5.125996612,5.036223936,4.96097875,4.757930849,4.684003676,4.624286428,4.530601814,4.358968135,4.23871519,3.897809557,3.778778608,3.659229737,3.448022618,3.172831692,3.089592949,3.041432763,2.974111569,2.937403311,2.680545338,2.55448171,2.505387875
Niger,17.04068079,16.35763952,15.7078765,15.00819597,14.22348525,13.53129986,12.89781248,12.38994762,11.81848639,11.39512811,10.99945054,10.51771622,9.867492106,9.214025914,8.49840207,8.806336204,8.439551968,7.902649519,7.333131848,7.032372665,6.537072765,6.43709172,6.189009653,6.211576727,6.141225586,6.038254931,5.995171138,5.627611635
Nigeria,7.261465154,7.190356873,7.095067442,6.951685361,6.872910781,6.735013891,6.594397537,6.424336172,6.232169313,6.090929599,5.928870543,5.654134303,5.412982591,5.221929564,4.941511594,4.729947668,4.713656312,4.57634219,4.291168669,4.173388123,4.028664565,3.949787622,3.982772162,3.820518873,3.881682385,3.884620227,3.998445233,3.790481201
"North Korea",7.134026018,6.866836023,7.001918935,6.873428354,7.036178309,7.289844685,7.281458398,7.37216874,7.732994027,7.835846966,7.846682519,7.921523724,7.977214637,8.164079028,8.129540664,8.042544582,7.751160087,7.817142226,7.559336469,7.475510357,7.487114664,7.15026638,7.139907571,6.945694983,6.505894924,6.354852033,6.292281626,6.159494478
"Northern Mariana Islands",7.776239274,7.53628958,7.290079178,7.05316199,6.857419864,6.691747789,6.56815494,6.467940215,6.353481779,6.035407789,6.236136337,6.407251706,6.534432792,6.573811859,6.929991662,7.025715661,7.048597577,7.062215532,6.993230352,6.962450798,6.882596901,6.804587992,6.779039049,6.629453127,6.764820997,6.784223256,6.840236814,6.888814773
Norway,2.209210092,2.125843917,2.067673619,1.933801746,1.899485764,1.858199242,1.758994673,1.749772457,1.754862118,1.789500231,1.781510056,1.770367806,1.782761086,1.679788399,1.635241631,1.561424998,1.441662236,1.340521809,1.323906033,1.35646721,1.282931778,1.264031688,1.175265483,1.185853431,1.154005544,1.062168243,1.056449035,1.07255631
Oman,5.992038466,5.571690818,5.186250759,4.757487535,4.619407972,4.385766955,4.069674572,3.846406945,3.545917882,3.296454327,3.171936065,3.021198855,2.866734514,2.720967918,2.55384809,2.391305211,2.428044106,2.702388409,2.728269864,2.807133714,2.813471614,2.863291842,2.711430079,2.527690312,2.427056181,2.342226384,2.227370579,2.133217326
Pakistan,13.70870369,13.66776202,14.069374,14.06124503,14.16415179,14.22762204,14.03649564,13.86297471,13.25568727,12.61729601,11.88678749,11.2087675,10.60836369,10.16469399,9.585276476,9.274943671,8.973630482,8.416408858,8.658479749,8.476927024,8.099557007,7.782601613,7.493828371,7.197270046,7.10569836,6.800762828,6.449764895,6.087915056
Panama,7.693136844,7.499285201,7.283174105,7.329479919,7.120654985,6.996163942,6.562727987,6.301901089,5.867405221,5.667137361,5.215871079,4.781451668,4.786946655,4.821154279,4.50386254,4.34772769,4.367741062,4.31539771,4.487993605,4.501081393,4.366951979,4.252052617,4.113445197,3.842503084,3.729117978,3.474506444,3.387804768,3.385837572
"Papua New Guinea",19.60628132,19.31869697,18.95820757,18.39431275,17.96984629,17.67522108,17.48597172,17.39969935,17.71417806,17.97416791,18.26167258,18.48690543,18.69817145,18.74880524,18.88252744,19.14490079,19.35723368,19.30000331,19.16328737,18.89897591,18.68127364,18.43686711,18.23035235,18.01281897,17.65208948,17.1698715,17.01571679,16.70010509
Paraguay,3.301942539,3.192531565,3.332459566,3.452154001,3.483959015,3.59451488,3.650958859,3.536790482,3.469584201,3.411598692,3.173522869,2.960401888,2.879185956,2.922870075,2.981308241,2.916361907,2.878363996,2.816034362,2.853376355,2.956361373,2.862732698,2.775834027,2.665751755,2.704720432,2.654896791,2.521399936,2.459412311,2.434425635
Peru,7.23754538,6.834712284,6.93842088,6.755743484,6.359753519,6.060337882,6.17788539,6.034547573,5.782730905,5.418845776,5.237878166,4.724253485,4.352971189,4.213764983,4.007537406,3.830917953,3.542336632,3.33766067,3.328637641,3.410287974,3.294840549,3.196293057,3.069948913,2.945406292,2.759442986,2.638148975,2.609719635,2.546376681
Philippines,7.857909155,7.487396308,6.98808247,6.785153181,6.661321451,6.605712962,6.41586964,6.229471695,6.221708065,6.318137153,6.403966304,6.377312884,6.293402279,6.218617847,6.204726217,6.10264677,6.107592054,5.96911211,5.981304471,5.958757928,5.800951219,5.757619659,5.640396222,5.484788929,5.398270351,5.434775109,5.262091282,5.069296025
Poland,4.656572793,4.836081825,4.67630379,4.242207172,4.407329413,4.301944074,3.898359496,3.935936386,3.863618205,3.896085573,3.487015921,3.446783103,3.394747958,3.286914838,3.274225386,3.273397803,3.281997289,3.279940349,3.19111439,3.078546271,2.947789143,2.844098721,2.771558908,2.639147052,2.451563616,2.44397672,2.406679667,2.355526764
Portugal,2.536695301,2.543221017,2.328892832,2.169804934,1.961979159,1.907738877,1.918501356,1.828561748,1.722008674,1.69965634,1.706531637,1.707129499,1.829251462,1.821294025,1.769858555,1.547997585,1.539520633,1.46846507,1.428379366,1.407841742,1.373943287,1.2984104,1.251821578,1.2306732,1.1933918,1.112023249,1.121168117,1.131512386
"Puerto Rico",3.364670663,3.262991126,3.13862714,3.006646414,2.660527259,2.562622311,2.300517876,2.157771831,2.086425747,1.807246342,1.630107569,1.590658316,1.4473121,1.379958543,1.383527626,1.365870019,1.32079423,1.320287861,1.286723624,1.31478766,1.227867665,1.284284295,1.220493348,1.178440057,1.129282649,1.094975912,1.137900963,1.16541659
Qatar,2.500128999,2.396741304,2.297402548,2.172952544,2.056759293,1.926962281,2.080766873,2.168992388,2.220881947,2.271670417,2.299718911,2.300469599,2.234904227,2.155135109,2.061450486,1.985671394,2.054574935,2.051635951,1.978433374,2.024129537,1.809140906,1.728868887,1.645550162,1.569826906,1.487853624,1.377624461,1.331035333,1.300938268
Romania,7.355851105,7.092313919,7.378382469,7.432613561,7.805785416,8.112981623,8.47408647,8.959654017,8.337221316,7.091515781,6.474271547,6.240100652,6.011548779,5.728176939,5.419030798,5.276711662,5.065022483,4.840847908,4.813338287,4.611275198,4.457762403,3.925547624,3.837204873,3.691925404,3.728770222,3.635219049,3.622915099,3.674122997
Russia,9.015261207,9.416224897,10.38502574,12.88109529,14.55116635,14.01539072,12.44547932,11.26541244,11.19416421,12.22394366,12.74836232,12.78575462,12.60392593,12.42288992,12.05165563,12.26206036,10.67999009,9.814051563,9.398232609,8.486951103,8.377607147,7.411997135,6.969455682,6.562640531,6.454574828,5.974593008,5.694354344,5.649443814
Rwanda,8.861086933,9.292928042,9.445926547,10.98035799,13.51826319,12.11595712,10.1639321,9.841427445,9.882197409,9.908185292,9.091478521,8.450311055,7.530778327,6.76743919,6.311028294,5.845886081,5.431735277,5.071931158,4.523092758,4.159970829,3.904894277,3.693890121,3.327332392,3.201898231,3.218337268,3.160878715,2.971800073,2.842543181
"Saint Lucia",7.793308813,7.657805372,7.457042028,7.47115835,7.27770038,7.109056929,6.998299664,6.794588877,6.669042313,6.313100574,6.198881994,6.133310154,6.076526854,5.968807433,6.017007249,5.992163606,5.882426057,5.64175553,5.401117576,5.320737312,5.264868913,5.326864482,5.395135077,5.582817401,5.613675038,5.583220729,5.565022238,5.561398479
"Saint Thomas and Principe",4.875513173,4.734627571,4.529605592,4.474868826,4.445146064,4.371263078,4.259853405,4.165031531,4.045439191,3.832696204,3.878731302,3.623107413,3.381148921,3.249793983,3.014957815,2.694473336,2.588995204,2.462179115,2.480137391,2.373256926,2.245960538,2.196595334,2.236315616,2.201787668,2.111917713,2.028375768,1.932506836,1.887453364
"Saint Vincent and Grenadines",7.132257215,7.128134417,7.028806066,6.885279061,6.804118371,6.802708075,6.777326017,6.877375651,7.036243141,6.92553396,6.735611935,6.925410592,6.834681883,6.635070411,6.470623231,6.498944856,6.445365224,6.398262185,6.38301674,6.339222023,6.304659632,6.291867456,6.336241285,6.592984603,6.633061762,6.532972007,6.649421872,6.584224082
Samoa,5.771262323,5.746392108,5.717250596,5.683782637,5.692680191,5.635363866,5.600000652,5.516857831,5.384710551,5.525882541,5.539621215,5.504281127,5.448604989,5.375754573,5.296575719,5.275771251,5.214669236,5.113396632,5.001721002,4.909089173,4.917892473,4.873990925,4.898837043,4.849348319,4.758259254,4.667743946,4.602159027,4.567162237
"Saudi Arabia",7.983832703,7.959131699,7.502063395,7.108568989,6.689290204,6.393522403,6.085291131,5.761745181,5.520734922,5.321092724,5.142958003,4.996042489,4.970776776,4.88184231,4.715982999,4.656278685,4.505782996,4.407196875,4.312097166,4.210911242,4.149471906,4.104495825,4.07243131,4.049310163,4.028735132,3.985212013,3.930568012,3.846279763
Senegal,8.872521474,8.398427425,8.067816736,7.801566379,7.688308927,7.466371353,7.287554102,7.064229482,6.805067984,6.609949681,6.418053497,6.307045668,6.13246342,6.01734183,6.175513091,5.973709409,5.585491646,5.253338974,4.900315258,4.473787178,4.227496453,4.03552975,3.837307077,3.700096809,3.77127315,3.678196514,3.548237634,3.422749595
Serbia,2.813146977,2.512880418,2.590108933,2.567454938,2.56228373,2.612348666,2.602460792,2.573757125,2.320214159,2.278599484,2.279122724,2.16635916,2.16072378,2.137110104,2.07556735,2.018201235,1.875779473,1.778854133,1.711860363,1.651764509,1.552283145,1.474759752,1.426191328,1.363486394,1.36100641,1.362319876,1.307945717,1.282879405
Seychelles,14.37874754,14.88058255,15.14198195,15.31911118,15.69479817,15.69397484,15.36463014,15.25975749,15.14914377,14.91114274,14.79227313,14.54043683,14.31855951,13.97614523,13.71259392,13.16059124,12.74849335,12.52000699,12.35718462,12.31902652,12.03934401,11.91747682,12.00729556,12.3027617,12.35910844,12.36478124,12.32821155,12.3015865
"Sierra Leone",12.80242503,12.92771384,12.79208242,11.84712753,11.01129704,10.58075539,10.09579899,9.85258745,9.680926707,9.125654215,8.656215265,8.210745507,7.842189281,7.546565984,7.490806571,7.283960151,7.150795091,6.946376022,6.575005313,6.418342034,6.426380546,6.212918292,6.174417842,6.031132298,5.840471829,5.493962494,5.07850642,4.810421779
Singapore,2.047652895,1.839666333,1.71973364,1.602250582,1.541204716,1.436151584,1.41010502,1.29384415,1.173974367,1.108870814,1.062498366,1.004748004,0.9236377,0.857388453,0.844358786,0.852006404,0.802889156,0.786375674,0.74752969,0.6838556,0.663631966,0.645661698,0.575148288,0.511159866,0.470019672,0.464010183,0.461996569,0.470433437
Slovakia,3.974581295,3.925080192,3.783737875,3.427016624,3.282504733,3.223097396,3.111817029,3.189345802,3.267786294,3.150527758,3.042938046,2.987117063,2.988616909,2.875590833,2.729772319,2.744354734,2.64038558,2.724380589,2.7991536,2.740671648,2.712219273,2.601413744,2.54571528,2.460470031,2.457961045,2.459942655,2.326817471,2.252042557
Slovenia,2.220352758,2.210019893,2.218045847,2.172252386,2.128987657,1.827017817,1.827270659,1.741676402,1.861792725,1.745239477,1.650102551,1.68472275,1.667918035,1.641765213,1.464148425,1.34346828,1.405751492,1.402788614,1.353247519,1.287073372,1.231856143,1.131983121,1.165064038,1.112089796,1.030280842,1.060770221,1.054656681,1.050170191
"Solomon Islands",11.77453432,11.67572243,11.51278428,11.34751378,11.19325967,11.03559879,10.96720406,10.89872329,11.26327842,11.48105263,11.61503832,11.69518206,11.70321225,11.48903985,11.19570093,11.13927272,11.06390439,11.11502255,10.9755283,10.80500591,10.72936993,10.54117447,10.29743387,10.23068493,10.05989397,10.10349477,9.962909734,9.836674211
Somalia,9.104571359,9.442075231,9.743135483,10.11744419,10.4447963,10.53068039,10.32542197,10.07831232,9.676796695,9.140078719,8.692865346,8.113767715,7.635859955,7.184463541,6.716655291,6.294477765,6.137393023,6.262343605,6.518479978,6.360093109,6.139151064,5.842172357,5.542293204,5.254954526,5.04316164,4.734705197,4.565270627,4.30978709
"South Africa",4.968460881,4.924840734,4.921369487,4.636548812,4.673432662,4.655295555,4.72399332,5.066529336,5.207203535,5.372144346,5.794644829,5.485053388,5.451490754,5.402772003,5.289258537,5.124471743,5.010360035,4.702809343,4.400516983,4.059768652,3.693080072,3.370835546,3.150148591,2.861730132,2.71258553,2.662721324,2.626930416,2.619348494
"South Korea",5.861552487,5.664996471,5.438296078,5.221703295,5.176329849,4.84577697,4.654962603,4.388479399,4.198367981,3.788202669,3.396014152,2.995616622,2.62854985,2.443326936,2.267929172,2.070639684,1.915704344,1.829092195,1.774424801,1.725195796,1.689970278,1.649603712,1.613168751,1.536335436,1.457136505,1.41264035,1.397402053,1.41140507
"South Sudan",7.749443758,7.853890089,7.804516145,7.982161997,7.851642303,7.921030168,7.693695918,7.175212104,6.924449095,6.651318446,6.363586018,6.015552085,5.702856937,5.647527439,5.679334211,5.92249988,6.354751776,6.606831078,6.568121251,6.377521479,6.20841083,6.015391495,6.003229271,6.146356841,6.174118433,6.345301833,6.155072856,5.821239441
Spain,2.325346017,2.245396883,2.10291544,1.974498337,1.889144422,1.824967837,1.786280979,1.704720195,1.667255737,1.646831913,1.595435515,1.554054799,1.500733971,1.51460765,1.447477449,1.393618476,1.341002052,1.315322954,1.266735294,1.198997859,1.134464091,1.107311926,1.072022868,1.016382447,1.00672605,1.014329032,0.983305805,0.974749886
"Sri Lanka",7.271018852,6.430988296,6.271467525,5.820095938,6.05629737,6.354271026,6.724287651,7.574332952,7.255579737,7.441023645,7.693519456,7.281883193,6.958638363,7.023152842,6.816040714,7.189387907,6.464268154,6.247757047,6.149612401,5.672638858,5.414149241,5.510878164,5.434782972,5.169742666,5.176703384,5.01949037,4.895890099,4.803173728
Sudan,12.40725959,11.87670919,11.29197239,10.76321284,10.39568002,9.871471036,9.332259712,8.703667996,8.150124108,7.672769385,7.152774414,6.772761825,6.330730498,5.8981838,5.587672384,5.791231667,5.581697261,5.314314761,5.022631049,4.737224745,4.362540199,4.085068438,3.980624267,3.749252003,3.642141798,3.402074379,3.189575688,2.997730715
Suriname,7.802389577,7.535773079,7.267178278,7.330795602,7.007486021,6.541969175,6.334348404,6.144155246,6.138681766,5.898033015,5.779002882,5.93290684,5.885152132,5.822513299,5.817128295,5.880365592,5.765932096,5.790581043,5.818953575,5.745039475,5.656527595,5.530744307,5.490859948,5.637117836,5.450047808,5.414804505,5.32483303,5.299624992
Swaziland,5.084166748,4.993313089,4.839561752,4.766086971,4.813319498,5.08746883,5.354190524,5.43841592,5.72979968,6.061300349,6.755656413,6.884089032,6.99910259,7.145332923,7.290231614,7.166085641,7.192310623,6.978750166,6.938485657,6.92756376,6.617401227,6.345483295,6.246421318,5.970392763,5.722537721,5.399357757,5.182311827,4.881597168
Sweden,1.652531102,1.721458672,1.631497726,1.636007321,1.567328489,1.557341282,1.49866502,1.542274988,1.530776537,1.523776047,1.520741104,1.529252503,1.496344205,1.446184576,1.441282007,1.354770574,1.331724656,1.307462102,1.264273829,1.199027725,1.115535515,1.11296108,1.107632765,1.111933196,1.121939568,1.121375455,1.109694293,1.080555697
Switzerland,1.302145533,1.342451345,1.339317785,1.267247329,1.267658093,1.168843789,1.06694153,1.088836431,1.06517835,1.031547426,1.012845904,1.001359278,0.949049823,0.897640069,0.82997168,0.773031377,0.76287504,0.745911392,0.712147972,0.714312649,0.702386598,0.684118156,0.692447539,0.693476919,0.671708722,0.666180032,0.623941283,0.608050603
Syria,2.661701578,2.596284816,2.539264838,2.491409397,2.409059344,2.374726302,2.266314683,2.147831074,2.103355867,2.056186875,1.749468379,1.57151913,1.465268957,1.229575557,1.195107476,1.173242789,1.073285198,0.985465502,1.01320671,0.980276707,0.9655181,0.943023236,0.907279819,0.893253044,0.884808972,0.872631484,0.857070643,0.841050906
Taiwan,8.257111363,7.643443141,7.227263116,6.896639212,6.644266387,6.48494,6.225387976,5.7641252,5.378363397,4.99911363,4.817209953,4.512557615,4.044611972,3.827960676,3.728883365,3.68150369,3.432795047,3.153982629,2.969610838,2.774330608,2.587413121,2.612649349,2.525120031,2.391356591,2.398225726,2.368916092,2.421437656,2.479887968
Tajikistan,13.25704453,12.99732611,13.30407528,13.41405868,13.72166791,13.19111557,12.53556832,11.74474871,11.16604508,10.79054196,10.53235094,10.37730209,10.27289779,10.04782145,9.994498679,10.04771503,9.909309961,9.728478824,9.538597085,9.337744728,9.137114447,8.928105619,8.659164987,8.447858739,8.233837798,8.094758852,7.76230894,7.690766538
Tanzania,5.209124537,5.068842174,5.012634948,4.915024139,4.912173803,4.725692788,4.588791718,4.626603884,4.434767535,4.270548142,3.99224461,4.080513674,4.160109276,4.149557801,4.284122409,4.110411187,4.28516473,4.21020854,4.103591432,4.161328598,3.992910867,4.009248116,3.916342675,3.879974748,3.66172593,3.687731403,3.525696496,3.370385775
Thailand,10.60774087,10.20260815,10.05923758,10.09866008,10.55092312,10.93202616,11.11187406,10.02008681,10.2418015,10.89196834,10.89453319,10.67488233,10.74092211,10.26498263,9.372387084,8.712882756,8.549443627,8.365461084,8.237754728,8.031479591,8.030876016,7.94331281,7.716592757,7.359842955,7.162949545,7.073463295,7.222000204,7.143226732
"Timor Leste",15.59870544,14.97560876,14.40023904,13.51719369,13.18918533,12.67551459,12.12785569,11.32178314,10.86423705,10.57219239,10.38961191,9.698619236,9.357333971,9.057957953,8.994304589,8.281011403,7.729354244,7.454347509,6.95021875,6.386263213,6.1901515,6.005390614,5.960284932,5.867885346,5.732062012,5.663841589,5.641175271,5.466529301
Togo,6.725987439,6.756985251,6.341338679,6.349575528,6.117509085,5.963367395,5.659766758,5.584913092,5.388665563,5.367549195,5.113820948,4.949750405,5.224208677,5.03390359,4.718942045,4.526255094,4.304384483,4.205536455,4.135027372,4.080525545,3.96390398,3.853630813,3.69983189,3.405675773,3.287944521,2.999973317,2.888514478,2.705796916
Tonga,6.117573942,6.073557904,5.898230109,5.823257577,5.812472355,5.619837407,5.720851241,5.787475772,5.910103105,6.391290414,6.556775505,6.615159017,6.831884134,6.833210129,6.919259923,6.892660437,6.91793414,6.984011956,6.89085338,6.828537619,6.944255966,6.97307349,6.800399092,6.761019683,6.700721454,6.607254277,6.621994899,6.545878779
"Trinidad and Tobago",6.434799517,6.417971991,6.396895334,6.449787267,6.120137735,5.602342381,5.562978105,4.988895472,5.081667804,4.665945177,4.488123852,4.447916711,4.412630002,4.368966297,4.437207812,4.298884756,4.068406187,4.172716059,4.295874373,3.915216104,3.743312596,3.548166135,3.426475614,3.480571525,3.437502341,3.368961709,3.373345911,3.38062569
Tunisia,3.059633544,2.930255845,2.816067583,2.685714365,2.581063521,2.467964261,2.327460974,2.179081517,2.068412543,1.990407629,1.880882095,1.776042069,1.680956398,1.601480569,1.49736618,1.419250656,1.349162343,1.280714932,1.220727652,1.173225956,1.14259897,1.103848859,1.041831781,0.998960776,0.960333223,0.926152023,0.891209894,0.858541395
Turkey,4.150310696,3.911594953,3.715786273,3.54118611,3.42970963,3.330965717,3.193206156,3.148087497,3.011882315,2.827525994,2.556613159,2.336030227,2.136614701,1.799113078,1.556231541,1.37941574,1.222363986,1.088335855,0.995538131,0.964952474,0.930245565,0.911686601,0.955992076,1.049619324,1.140314864,1.151941876,1.126851831,1.070546144
Turkmenistan,13.80681873,13.4768907,13.44992309,13.44725644,13.1876663,12.76703295,12.66281239,12.58735253,12.15722356,11.06216817,9.513181394,9.106331266,8.748576904,8.08910289,7.891464035,7.517390855,6.806883532,5.96434338,5.35667409,4.539986022,4.074430769,3.606542173,3.389616669,3.192445732,3.157916082,3.197684525,3.154234603,3.078657999
Uganda,6.765740271,6.704277174,6.550514425,6.364359217,6.241447969,6.059490145,5.93062888,5.738646484,5.580786742,5.380957596,5.241109512,5.51936576,5.440658824,5.217246953,4.943768006,4.589298494,4.483788699,4.255077191,3.973344506,3.815340582,3.746243422,3.70388347,3.668102615,3.740611247,3.551061754,3.203908069,2.937436996,2.773111192
Ukraine,11.98695003,13.1065096,14.05854227,14.61195975,16.11548433,17.98573757,17.59656336,16.69794137,15.72580258,16.20931114,16.28836694,15.62624487,14.86302966,13.45469673,12.85517854,11.26894939,9.89648605,9.960532157,9.272243952,7.37316778,6.607458615,6.058902906,5.960856454,5.901885531,5.789858249,7.748359013,7.507510144,7.049547349
"United Arab Emirates",2.90608264,2.761178802,2.625485229,2.489922725,2.364320739,2.267247274,2.182057856,2.137529008,2.095281285,2.095818507,2.043908491,1.96661572,1.941596139,1.922154344,2.007643086,2.019889466,1.958819755,1.823576513,1.762409382,1.705370644,1.609833425,1.552736605,1.533194488,1.522326106,1.544092572,1.530587045,1.545524254,1.561608628
"United Kingdom",0.848406737,0.816730727,0.784703402,0.767339204,0.748712798,0.751981321,0.735409267,0.718584325,0.702783792,0.688072755,0.663155318,0.649017549,0.637055035,0.624819177,0.587760667,0.578850498,0.586497229,0.569366561,0.564000514,0.549403581,0.533862144,0.50530173,0.492168959,0.496672413,0.497081286,0.501758314,0.505952033,0.503214844
"United States",1.804387605,1.73961955,1.651157999,1.650738608,1.596654719,1.564646512,1.510811281,1.48294065,1.48112711,1.445284569,1.429097231,1.415726468,1.428807469,1.4162162,1.390540993,1.420847961,1.417324116,1.395623174,1.373002808,1.337475737,1.296497756,1.288403413,1.265897806,1.248588425,1.245602782,1.272927059,1.301301309,1.29861137
Uruguay,5.380796213,5.084744955,5.276460429,5.615195601,5.529337339,5.231703558,5.020332424,4.814756245,4.762864861,4.467237506,4.279651562,4.020869958,3.887857624,3.613021014,3.322021861,3.204755825,3.173480519,3.377326512,3.164152529,3.095154912,3.107873896,3.131453141,3.088203158,2.955321002,2.806968744,2.671034252,2.713091116,2.698296221
Uzbekistan,11.11333439,10.86200545,10.56502128,10.52224463,10.37428521,10.25516273,10.23637341,10.2231785,10.26786834,9.873196665,9.414409766,9.002703584,8.676732244,8.184203051,7.470831207,7.189830277,6.806817256,6.460473253,6.061469018,5.636573938,5.400177956,5.157240709,5.155429496,5.042800288,4.908413336,4.784821848,4.679242798,4.561765192
Vanuatu,10.59922734,10.53685277,10.46334851,10.24022429,10.33787757,10.30431771,10.36458463,10.41428263,10.62322672,11.08988815,11.25459979,11.40326902,11.49174405,11.44342302,11.02131338,11.23182332,11.22444439,11.45710417,11.41160218,11.30210726,11.20464964,11.10950278,10.87780214,10.71902764,10.68944877,10.62507554,10.76254441,10.69274849
Venezuela,5.949273539,5.51688513,5.511548517,5.470348115,5.370243253,4.889034939,4.332544434,3.858406053,3.841414066,3.704938391,3.505371003,3.390997875,3.253766476,3.418898276,3.05227235,2.831052548,2.749904084,2.74014502,2.760598512,2.658619989,2.529746667,2.465557051,2.461071015,2.374799545,2.37116371,2.35739828,2.360850085,2.365565132
Vietnam,16.48073676,15.76456295,15.06583976,14.42309356,13.83018056,13.23676751,12.65888935,12.08988557,11.61625259,11.16147138,10.76292233,10.47417299,10.20125447,10.21748167,10.20091997,10.00422037,9.777341099,9.437185692,9.171168969,8.926717668,8.651960324,8.391451304,8.12104559,7.881953109,7.684840413,7.553609626,7.386855214,7.210306542
"Virgin Islands (U.S.)",5.780418582,5.545096181,5.422639898,5.325580358,5.254067027,5.152122532,5.04997197,4.95657497,4.945673418,4.819301091,4.741492821,4.798522293,4.727270901,4.693211727,4.691223307,4.695999188,4.703459945,4.788005002,4.787164118,4.828248718,4.808925301,4.738232442,4.792636688,4.835865173,4.918157277,4.982141555,4.989116801,5.059207027
"West Bank and Gaza",3.22375766,3.140516944,3.028162529,2.913351738,2.787123795,2.671306169,2.569033235,2.465577697,2.356183409,2.227700913,2.112728554,2.024392342,1.952158888,1.883787006,1.811829824,1.738190118,1.651760169,1.568996626,1.467861845,1.371228101,1.295319737,1.22578218,1.1596576,1.085896822,0.96803075,0.904299142,0.870821556,0.838694984
Yemen,8.763133032,8.280532229,7.941501388,7.656024285,7.361147248,7.124312972,6.841419143,6.647393234,6.358047844,5.962219222,5.530689117,5.153035805,4.988615549,4.69364241,4.424632582,4.118198906,3.835644914,3.798377841,3.642469393,3.444553526,3.243056407,3.074992816,2.862635585,2.802025598,2.683662782,2.627428048,2.556498112,2.472690112
Zambia,10.36190518,10.47016875,10.25484747,10.28284616,9.988134263,9.744925638,9.304263607,9.055914034,8.535224463,7.935929764,7.764738548,7.329077356,6.693358954,6.472737403,6.471385363,6.260770693,6.232481166,5.960991764,5.817755459,5.384999936,5.117043117,4.888632563,4.645032474,4.333317641,4.102626244,3.912132772,3.75563622,3.602440095
Zimbabwe,4.665246269,4.427387398,4.352618107,4.354258864,4.501197033,4.801927236,4.721606805,4.83241257,5.033523632,5.639791073,6.102670557,6.298629014,6.440374966,6.480534716,6.460116661,6.511027864,6.477509586,6.528486086,6.483157277,6.351337896,6.235922924,6.177843307,5.781201237,5.557032462,5.376198997,5.200529302,5.092257063,4.961984615
